class,precision,recall,f1-score,support
Cl,0.9268394028433206,0.6325298764431841,0.7519111999325813,49370.0
Br,0.25668865489408776,0.7176403207331042,0.37812716902556054,8730.0
accuracy,0.6453184165232358,0.6453184165232358,0.6453184165232358,0.6453184165232358
macro avg,0.5917640288687042,0.6750850985881443,0.5650191844790708,58100.0
weighted avg,0.8261437741067147,0.6453184165232358,0.6957470933952613,58100.0
